{
    "status": 0,
    "msg": "",
    "result": {
        "id" : "0232",
        "title": "神奇的材料世界",
        "school": "材料学院",
        "teachers": ["文进", "赵春霞", "丁瑶"],
        "cover": "http://edu-image.nosdn.127.net/8282FBC079673EA3A28339617E2F69E5.jpg?imageView&thumbnail=510y288&quality=100&thumbnail=223x125&quality=100",
        "timeLocation": ["1-13周", "周三 第一大节 2A 102", "周五 第三大节 2A 202"],
        "tags": ["材料", "物理"],
        "rate": 4,
        "isLike": 1,
        "hasRated": 0,
        "description": ["形形色色的材料构成了丰富多彩的物质世界，为我们创造了美好的生活,推进了人类文明的发展，影响和改变了我们的生活。玻璃、陶瓷、金属和塑料…….这些神奇物质是如何改变我们的世界？新材料的出现会给我们带来哪些惊喜？想知道背后精彩的科学故事和相关科学原理吗？让我们一起走进神奇的材料世界。"]
    }
}
