{
    "status": 0,
    "msg": "",
    "result": [{
        "id": "23469872",
        "userName": "double7",
        "date" : "2018-12-30 15:23",
        "content": "软件工程这门可对我相当有帮助，老师上课讲的很详细，完全不像很多经验不足的老师，讲课像念紧箍咒一样，一说到紧箍咒，我就想到了西游记。今年下半年，中美合拍的西游记即将正式开机，我继续扮演美猴王孙悟空，我会用美猴王艺术形象努力创造一个正能量的形象，文体两开花，弘扬中华文化，希望大家能多多关注。"
    },{
        "id": "23469873",
        "userName": "加拿大电鳗",
        "date" : "2018-12-30 15:26",
        "content": "几天后，期末考试正式开始，我将继续表演挂科，文理两爆炸，继续以学渣的形象让各位笑话，请大家多多关注。"
    },{
        "id": "23469874",
        "userName": "精选肥牛铁板烧",
        "date" : "2018-12-30 16:23",
        "content": "楼上都是魔鬼吗？\ud83d\ude05"
    },{
        "id": "23469875",
        "userName": "double7",
        "date" : "2018-12-30 20:03",
        "content": "软件工程课件资源：pan.baidu.com/1qVjwI2x"
    },{
        "id": "23469876",
        "userName": "秃头科学家",
        "date" : "2018-12-30 20:10",
        "content": "楼上是个骗子，我试过了，资源是假的"
    },{
        "id": "23469877",
        "date" : "2018-12-30 21:12",
        "userName": "double7",
        "content": "哈哈"
    },{
        "id": "23469878",
        "date" : "2018-12-30 21:50",
        "userName": "double7",
        "content": "大家不要发广告噢，谁发谁是猪！"
    }]
}
