{
    "status": 0,
    "msg": "",
    "result": {
        "id": "1422",
        "title": "kubrick 坐·谈 | 我们分到了土地：漫谈原创文学",
        "school": "北京大学",
        "teachers": ["朱岳", "陆源"],
        "cover": "https://img1.doubanio.com/pview/event_poster/large/public/bf4030c3acc8eab.jpg",
        "timeLocation": ["2019年01月05日", "周六 14:00-16:00"],
        "tags": ["后浪", "华语文学", "分享会"],
        "rate": 0,
        "isLike": 1,
        "hasRated": 0,
        "description": ["“我们做出版，不能总是靠利用人性的弱点去发大财，而是要去认识、弥补和克服这些人性的弱点，这才是我们的天职所在。", "我们或许是夕阳产业的弱势群体，但同时也是文化的守护者和创造者。据说，维特根斯坦晚年，常面对墙壁朗读一本小说里这样一段话：落日的余晖照耀着他那仍然坚定而安详的脸庞，它似乎要证明，直到最后他都做得对，他像一位英雄一样地守住了阵地。", "不管怎样，现在，后浪出版公司给了我们这样一个机会，我们分到了土地，了解出版界现状的人会明白这是多么难得。我相信它不会是鲁尔福笔下铁板一样的土地，而将是一块肥沃、丰饶的土地。”", "后浪华语文学编辑朱岳在一篇名为《我们分到了土地》的豆瓣日记中记录了他的做书心得。我们和后浪文学、藏书阁读书会合作，邀请朱岳老师和大家聊一聊他在编的华语原创文学书系，以及他对当代华语文学的一些理解。", "“想多做一些新东西，新不是时髦，是超越时代，但这可遇不可求。想多做一些未被收编的作者，多做一些年轻作者。想多做一些华语文学，把中文（华文）写作的空间放大，让读者看到中文写作达到了什么水准，做了哪些尝试，不希望那些好作者、奇特的作品被庞大的读者群无视。想要多元化，做一些特别的、边缘的，另类的。保守导致千篇一律，千篇一律把人变成牲口，变成工具。”", "“这有可能实现吗？”欢迎你来和我们一起探索这个问题的答案。"]
    }
}
