{
    "status": 0,
    "msg": "",
    "result": [{
        "id": "2345",
        "courseName": "微积分",
        "cover": "/static/img/class1.jpg",
        "school": "数学学院",
        "teachers": ["徐厚宝", "毛京中", "李翠哲", "周林芳", "温海瑞"],
        "timeInfo": "周三 周五"
    },{
        "id": "2342",
        "courseName": "模拟电子技术基础",
        "cover": "http://edu-image.nosdn.127.net/C39CD4C75600AAB7F3AD5ED8CC187CE8.jpg?imageView&thumbnail=510y288&quality=100&thumbnail=223x125&quality=100",
        "school": "武汉理工大学",
        "teachers": ["许菲", "华剑", "旷海兰", "周嵘", "刘雪冬"],
        "timeInfo": "网上教学"
    },{
        "id": "0232",
        "courseName": "神奇的材料世界",
        "cover": "http://edu-image.nosdn.127.net/8282FBC079673EA3A28339617E2F69E5.jpg?imageView&thumbnail=510y288&quality=100&thumbnail=223x125&quality=100",
        "school": "武汉理工大学",
        "teachers": ["文进", "赵春霞 ", "丁瑶"],
        "timeInfo": "网上教学"
    },{
        "id": "1342",
        "courseName": "大学计算机",
        "cover": "http://edu-image.nosdn.127.net/54BB735C0C79D653219EBEF3D9DC9A4D.jpg?imageView&thumbnail=426y240&quality=100",
        "school": "计算机学院",
        "teachers": ["李凤霞", "陈宇峰", "高玉金"],
        "timeInfo": "网上教学"
    }]
}
